session_id,date,time,plan_name,day_label,segment_id,superset_id,ex_code,adlib,set_num,reps,time_sec,weight,unit,is_warmup,rpe,rir,tempo,rest_sec,effort_1to5,tags,notes,pr_types
2025-08-21T19-06-37Z-586,2025-08-21,19:39:29,Essentials — Block 1 (Weeks 1–4),Lower A,3,C,CALF.SSB.STND,0,1,12,,135.0,lb,false,,,,0,1,,,
2025-08-21T19-06-37Z-586,2025-08-21,19:43:50,Essentials — Block 1 (Weeks 1–4),Lower A,3,C,CALF.SSB.STND,0,2,12,,20.0,lb,false,,,,0,3,,,
2025-08-21T19-06-37Z-586,2025-08-21,19:47:09,Essentials — Block 1 (Weeks 1–4),Lower A,3,C,CALF.SSB.STND,0,3,12,,20.0,lb,false,,,,0,3,,,
2025-08-21T19-06-37Z-586,2025-08-21,19:42:42,Essentials — Block 1 (Weeks 1–4),Lower A,3,C,CORE.REV.CRUNCH,0,1,12,,20.0,lb,false,,,,60,3,,,
2025-08-21T19-06-37Z-586,2025-08-21,19:44:58,Essentials — Block 1 (Weeks 1–4),Lower A,3,C,CORE.REV.CRUNCH,0,2,12,,20.0,lb,false,,,,60,3,,,
2025-08-21T19-06-37Z-586,2025-08-21,19:47:49,Essentials — Block 1 (Weeks 1–4),Lower A,3,C,CORE.REV.CRUNCH,0,3,12,,20.0,lb,false,,,,,3,,,
2025-08-21T19-06-37Z-586,2025-08-21,19:29:25,Essentials — Block 1 (Weeks 1–4),Lower A,2,,HAM.CURL.SEATED,0,1,12,,20.0,lb,false,,,,105,1,,,
2025-08-21T19-06-37Z-586,2025-08-21,19:31:08,Essentials — Block 1 (Weeks 1–4),Lower A,2,,HAM.CURL.SEATED,0,2,12,,20.0,lb,false,,,,105,1,,,
2025-08-21T19-06-37Z-586,2025-08-21,19:19:43,Essentials — Block 1 (Weeks 1–4),Lower A,1,,SQ.SSB.STND,0,1,6,,135.0,lb,false,,,,,3,,,
2025-08-21T19-06-37Z-586,2025-08-21,19:23:39,Essentials — Block 1 (Weeks 1–4),Lower A,1,,SQ.SSB.STND,0,2,10,,135.0,lb,false,,,,,3,,,
2025-08-24T21-00-58Z-607,2025-08-24,21:44:24,Essentials: Block 1 (Weeks 1-4),Upper B,4,,BP.BB.FLAT,0,1,10,,110.0,lb,false,,,,120,2,mood_up;stress_low,,
2025-08-24T21-00-58Z-607,2025-08-24,21:48:25,Essentials: Block 1 (Weeks 1-4),Upper B,4,,BP.BB.FLAT,0,2,10,,92.5,lb,false,,,,120,1,mood_up;stress_low,,
2025-08-24T21-00-58Z-607,2025-08-24,22:03:41,Essentials: Block 1 (Weeks 1-4),Upper B,5,E,CURL.CBL.BYSN,0,1,15,,5.0,lb,false,,,,0,3,mood_up;stress_low,,
2025-08-24T21-00-58Z-607,2025-08-24,21:23:49,Essentials: Block 1 (Weeks 1-4),Upper B,2,,OHP.BB.STND,0,1,12,,75.0,lb,false,,,,120,3,mood_up;stress_low,,
2025-08-24T21-00-58Z-607,2025-08-24,21:26:46,Essentials: Block 1 (Weeks 1-4),Upper B,2,,OHP.BB.STND,0,2,9,,75.0,lb,false,,,,120,5,mood_up;stress_low,,
2025-08-24T21-00-58Z-607,2025-08-24,21:33:34,Essentials: Block 1 (Weeks 1-4),Upper B,3,,PULLDN.CBL.SEAT,0,1,12,,70.0,lb,false,,,,120,1,mood_up;stress_low,,
2025-08-24T21-00-58Z-607,2025-08-24,21:38:35,Essentials: Block 1 (Weeks 1-4),Upper B,3,,PULLDN.CBL.SEAT,0,2,12,,70.0,lb,false,,,,120,1,mood_up;stress_low,,
2025-08-24T21-00-58Z-607,2025-08-24,22:07:34,Essentials: Block 1 (Weeks 1-4),Upper B,6,,RAISE.CBL.STND,0,1,5,,0.0,lb,false,,,,60,1,mood_up;stress_low,,
2025-08-24T21-00-58Z-607,2025-08-24,21:06:34,Essentials: Block 1 (Weeks 1-4),Upper B,1,,ROW.TB.PNDLY,0,1,3,,50.0,lb,true,,,,,3,,,
2025-08-24T21-00-58Z-607,2025-08-24,21:07:22,Essentials: Block 1 (Weeks 1-4),Upper B,1,,ROW.TB.PNDLY,0,2,2,,55.0,lb,true,,,,,3,,,
2025-08-24T21-00-58Z-607,2025-08-24,21:07:25,Essentials: Block 1 (Weeks 1-4),Upper B,1,,ROW.TB.PNDLY,0,3,1,,65.0,lb,true,,,,,3,,,
2025-08-24T21-00-58Z-607,2025-08-24,21:11:36,Essentials: Block 1 (Weeks 1-4),Upper B,1,,ROW.TB.PNDLY,0,4,10,,95.0,lb,false,,,,120,3,,,
2025-08-24T21-00-58Z-607,2025-08-24,21:15:09,Essentials: Block 1 (Weeks 1-4),Upper B,1,,ROW.TB.PNDLY,0,5,12,,95.0,lb,false,,,,120,1,,,
2025-08-24T21-00-58Z-607,2025-08-24,22:05:34,Essentials: Block 1 (Weeks 1-4),Upper B,5,E,TRI.CBL.PUSHDN,0,1,20,,20.0,lb,false,,,,,1,mood_up;stress_low,,
2025-08-26T00-45-08Z-321,2025-08-26,01:46:58,Essentials: Block 1 (Weeks 1-4),Lower B,4,D,CALF.SSB.STND,0,1,15,,105.0,lb,false,,,,0,1,,,
2025-08-26T00-45-08Z-321,2025-08-26,01:47:52,Essentials: Block 1 (Weeks 1-4),Lower B,4,D,CORE.CBL.CRUNCH,0,1,15,,20.0,lb,false,,,,,1,,,
2025-08-26T00-45-08Z-321,2025-08-26,00:55:33,Essentials: Block 1 (Weeks 1-4),Lower B,1,,DL.TB.RDL,0,1,12,,95.0,lb,false,,,,150,1,,,
2025-08-26T00-45-08Z-321,2025-08-26,00:59:35,Essentials: Block 1 (Weeks 1-4),Lower B,1,,DL.TB.RDL,0,2,12,,95.0,lb,false,,,,150,1,,,
2025-08-26T00-45-08Z-321,2025-08-26,01:12:06,Essentials: Block 1 (Weeks 1-4),Lower B,2,,LUNGE.DB.WALK,0,1,12,,17.5,lb,false,,,,150,3,,,
2025-08-26T00-45-08Z-321,2025-08-26,01:17:29,Essentials: Block 1 (Weeks 1-4),Lower B,2,,LUNGE.DB.WALK,0,2,12,,17.5,lb,false,,,,150,4,,,
2025-08-26T00-45-08Z-321,2025-08-26,01:32:13,Essentials: Block 1 (Weeks 1-4),Lower B,2,,LUNGE.DB.WALK,0,3,12,,17.5,lb,false,,,,150,5,,,
2025-08-26T00-45-08Z-321,2025-08-26,01:41:44,Essentials: Block 1 (Weeks 1-4),Lower B,3,,QUAD.MACH.EXT,0,1,12,,20.0,lb,false,,,,90,5,,,
2025-08-27T15-27-13Z-149,2025-08-27,16:42:54,Essentials: Block 1 (Weeks 1-4),Upper A,5,E,ARMS.EZ.SKULL,0,1,12,,20.0,lb,false,,,,0,1,,,
2025-08-27T15-27-13Z-149,2025-08-27,16:43:45,Essentials: Block 1 (Weeks 1-4),Upper A,5,E,ARMS.EZ.SKULL,0,2,12,,20.0,lb,false,,,,60,2,,,
2025-08-27T15-27-13Z-149,2025-08-27,16:50:55,Essentials: Block 1 (Weeks 1-4),Upper A,5,E,ARMS.EZ.SKULL,0,3,12,,20.0,lb,false,,,,0,2,,,
2025-08-27T15-27-13Z-149,2025-08-27,16:50:57,Essentials: Block 1 (Weeks 1-4),Upper A,5,E,ARMS.EZ.SKULL,0,4,12,,20.0,lb,false,,,,,2,,,
2025-08-27T15-27-13Z-149,2025-08-27,15:51:04,Essentials: Block 1 (Weeks 1-4),Upper A,1,,BP.DB.FLAT,0,1,6,,60.0,lb,false,,,,,3,,,
2025-08-27T15-27-13Z-149,2025-08-27,15:57:01,Essentials: Block 1 (Weeks 1-4),Upper A,1,,BP.DB.FLAT,0,2,6,,60.0,lb,false,,,,,5,,,
2025-08-27T15-27-13Z-149,2025-08-27,16:14:20,Essentials: Block 1 (Weeks 1-4),Upper A,3,,OHP.DB.SEAT,0,1,12,,27.5,lb,false,,,,120,3,,,
2025-08-27T15-27-13Z-149,2025-08-27,16:27:15,Essentials: Block 1 (Weeks 1-4),Upper A,3,,OHP.DB.SEAT,0,2,12,,27.5,lb,false,,,,120,3,,,
2025-08-27T15-27-13Z-149,2025-08-27,16:00:51,Essentials: Block 1 (Weeks 1-4),Upper A,2,,PULLDN.CBL.SEAT,0,1,12,,80.0,lb,false,,,,120,1,,,
2025-08-27T15-27-13Z-149,2025-08-27,16:07:07,Essentials: Block 1 (Weeks 1-4),Upper A,2,,PULLDN.CBL.SEAT,0,2,12,,80.0,lb,false,,,,120,1,,,
2025-08-27T15-27-13Z-149,2025-08-27,16:30:22,Essentials: Block 1 (Weeks 1-4),Upper A,4,,ROW.CBL.SEAT,0,1,12,,90.0,lb,false,,,,120,3,,,
2025-08-27T15-27-13Z-149,2025-08-27,16:37:10,Essentials: Block 1 (Weeks 1-4),Upper A,4,,ROW.CBL.SEAT,0,2,12,,90.0,lb,false,,,,120,1,,,
2025-08-28T15-16-59Z-474,2025-08-28,16:07:16,Essentials: Block 1 (Weeks 1-4),Lower A,3,C,CALF.SSB.STND,0,1,15,,145.0,lb,false,,,,0,1,,,
2025-08-28T15-16-59Z-474,2025-08-28,16:09:06,Essentials: Block 1 (Weeks 1-4),Lower A,3,C,CALF.SSB.STND,0,2,12,,145.0,lb,false,,,,0,1,,,
2025-08-28T15-16-59Z-474,2025-08-28,16:09:01,Essentials: Block 1 (Weeks 1-4),Lower A,3,C,CORE.REV.CRUNCH,0,1,12,,35.0,lb,false,,,,60,1,,,
2025-08-28T15-16-59Z-474,2025-08-28,16:09:08,Essentials: Block 1 (Weeks 1-4),Lower A,3,C,CORE.REV.CRUNCH,0,3,12,,35.0,lb,false,,,,,1,,,
2025-08-28T15-16-59Z-474,2025-08-28,15:43:45,Essentials: Block 1 (Weeks 1-4),Lower A,1,,SQ.SSB.STND,0,1,5,,60.0,lb,true,,,,,3,,,
2025-08-28T15-16-59Z-474,2025-08-28,15:43:46,Essentials: Block 1 (Weeks 1-4),Lower A,1,,SQ.SSB.STND,0,2,3,,75.0,lb,true,,,,,3,,,
2025-08-28T15-16-59Z-474,2025-08-28,15:43:47,Essentials: Block 1 (Weeks 1-4),Lower A,1,,SQ.SSB.STND,0,3,2,,85.0,lb,true,5.0,,,,3,,,
2025-08-28T15-16-59Z-474,2025-08-28,15:43:49,Essentials: Block 1 (Weeks 1-4),Lower A,1,,SQ.SSB.STND,0,4,1,,100.0,lb,true,5.0,,,,3,,,
2025-08-28T15-16-59Z-474,2025-08-28,15:46:54,Essentials: Block 1 (Weeks 1-4),Lower A,1,,SQ.SSB.STND,0,5,6,,145.0,lb,false,5.0,,,,6,,,
2025-08-28T15-16-59Z-474,2025-08-28,15:46:54,Essentials: Block 1 (Weeks 1-4),Lower A,1,,SQ.SSB.STND,0,6,10,,145.0,lb,false,,,,,6,,,
2025-09-06T23-06-49Z-165,2025-09-06,23:21:19,Essentials: Block 1 (Weeks 1-4),Upper B,1,,ROW.TB.PNDLY,0,1,10,,100,lb,0,,,,120,3,,,
2025-09-06T23-06-49Z-165,2025-09-06,23:25:00,Essentials: Block 1 (Weeks 1-4),Upper B,1,,ROW.TB.PNDLY,0,2,10,,100,lb,0,,,,120,3,,,
2025-09-06T23-06-49Z-165,2025-09-06,23:34:48,Essentials: Block 1 (Weeks 1-4),Upper B,2,,OHP.BB.STND,0,1,12,,75,lb,0,,,,120,3,,,
2025-09-06T23-06-49Z-165,2025-09-06,23:37:59,Essentials: Block 1 (Weeks 1-4),Upper B,2,,OHP.BB.STND,0,2,10,,75,lb,0,,,,120,3,,,
2025-09-06T23-06-49Z-165,2025-09-06,23:45:40,Essentials: Block 1 (Weeks 1-4),Upper B,3,,PULLDN.CBL.SEAT,0,1,12,,85,lb,0,,,,120,3,,,
2025-09-06T23-06-49Z-165,2025-09-06,23:51:10,Essentials: Block 1 (Weeks 1-4),Upper B,3,,PULLDN.CBL.SEAT,0,2,12,,85,lb,0,,,,120,4,,,
2025-09-06T23-06-49Z-165,2025-09-07,00:02:44,Essentials: Block 1 (Weeks 1-4),Upper B,4,,BP.DB.FLAT,0,1,10,,50,lb,0,,,,120,4,,,
2025-09-06T23-06-49Z-165,2025-09-07,00:07:46,Essentials: Block 1 (Weeks 1-4),Upper B,4,,BP.DB.FLAT,0,2,7,,50,lb,0,,,,120,4,,,
2025-09-06T23-06-49Z-165,2025-09-07,00:10:48,Essentials: Block 1 (Weeks 1-4),Upper B,5,E,CURL.CBL.BYSN,0,1,14,,10,lb,0,,,,0,5,,,
2025-09-06T23-06-49Z-165,2025-09-07,00:13:24,Essentials: Block 1 (Weeks 1-4),Upper B,5,E,TRI.CBL.PUSHDN,0,1,15,,20,lb,0,,,,60,5,,,
2025-09-06T23-06-49Z-165,2025-09-07,00:17:04,Essentials: Block 1 (Weeks 1-4),Upper B,5,E,CURL.CBL.BYSN,0,1,6,,10,lb,0,,,,0,5,,,
2025-09-06T23-06-49Z-165,2025-09-07,00:18:18,Essentials: Block 1 (Weeks 1-4),Upper B,5,E,TRI.CBL.PUSHDN,0,1,15,,20,lb,0,,,,,5,,,
2025-09-06T23-06-49Z-165,2025-09-07,00:19:59,Essentials: Block 1 (Weeks 1-4),Upper B,6,,RAISE.DB.STND,0,1,8,,0,lb,0,,,,60,5,,,
2025-09-08T16-35-17Z-220,2025-09-08,16:51:04,Essentials: Block 1 (Weeks 1-4),Lower B,1,,DL.TB.RDL,0,1,12,,100,lb,0,,,,150,2,,,
2025-09-08T16-35-17Z-220,2025-09-08,16:55:55,Essentials: Block 1 (Weeks 1-4),Lower B,1,,DL.TB.RDL,0,2,12,,100,lb,0,,,,150,2,,,
2025-09-08T16-35-17Z-220,2025-09-08,17:17:52,Essentials: Block 1 (Weeks 1-4),Lower B,2,,LUNGE.DB.WALK,0,1,10,,25,lb,0,,,,150,2,,,
2025-09-08T16-35-17Z-220,2025-09-08,17:28:08,Essentials: Block 1 (Weeks 1-4),Lower B,2,,LUNGE.DB.WALK,0,2,12,,25,lb,0,,,,150,2,,,
2025-09-08T16-35-17Z-220,2025-09-08,17:42:02,Essentials: Block 1 (Weeks 1-4),Lower B,2,,LUNGE.DB.WALK,0,3,12,,25,lb,0,,,,150,2,,,
2025-09-09T01-20-57Z-002,2025-09-09,01:23:36,Essentials: Block 1 (Weeks 1-4),Lower B,3,,QUAD.MACH.EXT,0,1,12,,25,lb,0,,,,90,1,,,
2025-09-09T01-20-57Z-002,2025-09-09,01:27:34,Essentials: Block 1 (Weeks 1-4),Lower B,4,D,CALF.SSB.STND,0,1,15,,150,lb,0,,,,0,2,,,
2025-09-09T01-20-57Z-002,2025-09-09,01:28:50,Essentials: Block 1 (Weeks 1-4),Lower B,4,D,CORE.CBL.CRUNCH,0,1,15,,25,lb,0,,,,90,2,,,
2025-09-09T01-20-57Z-002,2025-09-09,01:32:13,Essentials: Block 1 (Weeks 1-4),Lower B,4,D,CALF.SSB.STND,0,1,15,,200,lb,0,,,,0,2,,,
2025-09-09T01-20-57Z-002,2025-09-09,01:44:26,Essentials: Block 1 (Weeks 1-4),Lower B,4,D,CORE.CBL.CRUNCH,0,1,15,,25,lb,0,,,,,2,,,
2025-09-11T16-15-40Z-761,2025-09-11,16:29:28,Essentials: Block 1 (Weeks 1-4),Upper A,1,,BP.BB.FLAT,0,1,6,,155,lb,0,,,,,4,,,
2025-09-11T16-15-40Z-761,2025-09-11,16:33:24,Essentials: Block 1 (Weeks 1-4),Upper A,1,,BP.BB.FLAT,0,2,10,,135,lb,0,,,,,3,,,
2025-09-11T16-15-40Z-761,2025-09-11,16:40:05,Essentials: Block 1 (Weeks 1-4),Upper A,2,,PULLDN.CBL.SEAT,0,1,11,,90,lb,0,,,,120,5,,,
2025-09-11T16-15-40Z-761,2025-09-11,16:45:47,Essentials: Block 1 (Weeks 1-4),Upper A,2,,PULLDN.CBL.SEAT,0,2,10,,90,lb,0,,,,120,5,,,
2025-09-11T16-15-40Z-761,2025-09-11,16:48:17,Essentials: Block 1 (Weeks 1-4),Upper A,3,,OHP.DB.SEAT,0,1,12,,30,lb,0,,,,120,1,,,
2025-09-11T16-15-40Z-761,2025-09-11,16:52:25,Essentials: Block 1 (Weeks 1-4),Upper A,3,,OHP.DB.SEAT,0,2,12,,30,lb,0,,,,120,1,,,
2025-09-11T16-15-40Z-761,2025-09-11,16:55:34,Essentials: Block 1 (Weeks 1-4),Upper A,4,,ROW.CBL.SEAT,0,1,12,,95,lb,0,,,,120,1,,,
2025-09-11T16-15-40Z-761,2025-09-11,17:00:04,Essentials: Block 1 (Weeks 1-4),Upper A,4,,ROW.CBL.SEAT,0,2,24,,95,lb,0,,,,120,1,,,
2025-09-11T19-58-17Z-515,2025-09-11,23:00:00,Essentials: Block 1 (Weeks 1-4),Upper A,5,E,TRI.CBL.OH,0,1,15,,20,lb,0,,,,0,3,,,
2025-09-11T19-58-17Z-515,2025-09-11,23:02:02,Essentials: Block 1 (Weeks 1-4),Upper A,5,E,CURL.CBL.EZ,0,1,15,,20,lb,0,,,,60,3,,,
2025-09-11T19-58-17Z-515,2025-09-11,23:03:28,Essentials: Block 1 (Weeks 1-4),Upper A,5,E,TRI.CBL.OH,0,1,15,,20,lb,0,,,,0,3,,,
2025-09-11T19-58-17Z-515,2025-09-11,23:04:47,Essentials: Block 1 (Weeks 1-4),Upper A,5,E,CURL.CBL.EZ,0,1,15,,20,lb,0,,,,,3,,,
2025-09-17T00-49-22Z-011,2025-09-17,01:05:31,Essentials: Block 1 (Weeks 1-4),Lower A,1,,SQ.SSB.STND,0,1,5,,155,lb,0,,,,,1,,,
2025-09-17T00-49-22Z-011,2025-09-17,01:09:29,Essentials: Block 1 (Weeks 1-4),Lower A,1,,SQ.SSB.STND,0,2,10,,155,lb,0,,,,,2,,,
2025-09-17T00-49-22Z-011,2025-09-17,01:16:53,Essentials: Block 1 (Weeks 1-4),Lower A,2,,HAM.CURL.SEATED,0,1,12,,25,lb,0,,,,105,2,,,
2025-09-17T00-49-22Z-011,2025-09-17,01:26:41,Essentials: Block 1 (Weeks 1-4),Lower A,3,C,CALF.SSB.STND,0,1,12,,245,lb,0,,,,0,2,,,
2025-09-17T00-49-22Z-011,2025-09-17,01:30:21,Essentials: Block 1 (Weeks 1-4),Lower A,3,C,CORE.HANG.LEG,0,1,12,,0,lb,0,,,,60,2,,,
2025-09-17T00-49-22Z-011,2025-09-17,01:31:58,Essentials: Block 1 (Weeks 1-4),Lower A,3,C,CALF.SSB.STND,0,1,12,,245,lb,0,,,,0,3,,,
2025-09-17T00-49-22Z-011,2025-09-17,01:38:17,Essentials: Block 1 (Weeks 1-4),Lower A,3,C,CORE.HANG.LEG,0,1,12,,0,lb,0,,,,,2,,,
2025-09-19T01-47-15Z-215,2025-09-19,01:50:08,Essentials: Block 1 (Weeks 1-4),Upper B,1,,ROW.TB.PNDLY,0,1,10,,105,lb,0,,,,120,2,,,
2025-09-19T01-47-15Z-215,2025-09-19,01:54:45,Essentials: Block 1 (Weeks 1-4),Upper B,1,,ROW.TB.PNDLY,0,2,10,,105,lb,0,,,,120,1,,,
2025-09-19T01-47-15Z-215,2025-09-19,02:04:19,Essentials: Block 1 (Weeks 1-4),Upper B,2,,OHP.BB.STND,0,1,12,,75,lb,0,,,,120,3,,,
2025-09-19T01-47-15Z-215,2025-09-19,02:07:39,Essentials: Block 1 (Weeks 1-4),Upper B,2,,OHP.BB.STND,0,2,12,,75,lb,0,,,,120,3,,,
2025-09-19T01-47-15Z-215,2025-09-19,02:13:48,Essentials: Block 1 (Weeks 1-4),Upper B,3,,PULLDN.CBL.SEAT,0,1,12,,90,lb,0,,,,120,3,,,
2025-09-19T01-47-15Z-215,2025-09-19,02:17:58,Essentials: Block 1 (Weeks 1-4),Upper B,3,,PULLDN.CBL.SEAT,0,2,12,,90,lb,0,,,,120,3,,,
2025-09-19T01-47-15Z-215,2025-09-19,02:28:05,Essentials: Block 1 (Weeks 1-4),Upper B,4,,BP.BB.FLAT,0,1,10,,135,lb,0,,,,120,4,,,
2025-09-19T01-47-15Z-215,2025-09-19,02:33:20,Essentials: Block 1 (Weeks 1-4),Upper B,4,,BP.BB.FLAT,0,2,10,,135,lb,0,,,,120,5,,,
2025-09-19T01-47-15Z-215,2025-09-19,02:39:19,Essentials: Block 1 (Weeks 1-4),Upper B,5,E,CURL.CBL.BYSN,0,1,6,,15,lb,0,,,,0,5,,,
2025-09-19T01-47-15Z-215,2025-09-19,02:41:20,Essentials: Block 1 (Weeks 1-4),Upper B,5,E,TRI.CBL.PUSHDN,0,1,15,,25,lb,0,,,,60,3,,,
2025-09-19T01-47-15Z-215,2025-09-19,02:44:10,Essentials: Block 1 (Weeks 1-4),Upper B,5,E,CURL.CBL.BYSN,0,1,6,,15,lb,0,,,,0,5,,,
2025-09-19T01-47-15Z-215,2025-09-19,02:45:18,Essentials: Block 1 (Weeks 1-4),Upper B,5,E,TRI.CBL.PUSHDN,0,1,15,,25,lb,0,,,,,1,,,
2025-09-19T01-47-15Z-215,2025-09-19,02:49:54,Essentials: Block 1 (Weeks 1-4),Upper B,6,,RAISE.DB.STND,0,1,6,,0,lb,0,,,,60,1,,,
2025-09-19T15-42-38Z-833,2025-09-19,15:54:37,Essentials: Block 1 (Weeks 1-4),Lower B,1,,DL.TB.RDL,0,2,12,,135,lb,0,,,,150,3,,,
2025-09-19T15-42-38Z-833,2025-09-19,15:54:37,Essentials: Block 1 (Weeks 1-4),Lower B,1,,DL.TB.RDL,0,2,12,,135,lb,0,,,,150,3,,,
2025-09-19T15-42-38Z-833,2025-09-19,16:02:41,Essentials: Block 1 (Weeks 1-4),Lower B,2,,LUNGE.DB.WALK,0,1,12,,45,lb,0,,,,150,3,,,
2025-09-19T15-42-38Z-833,2025-09-19,16:08:46,Essentials: Block 1 (Weeks 1-4),Lower B,2,,LUNGE.DB.WALK,0,2,12,,45,lb,0,,,,150,3,,,
2025-09-19T15-42-38Z-833,2025-09-19,16:14:18,Essentials: Block 1 (Weeks 1-4),Lower B,2,,LUNGE.DB.WALK,0,3,12,,45,lb,0,,,,150,3,,,
2025-09-20T01-11-28Z-435,2025-09-20,01:57:22,Essentials: Block 1 (Weeks 1-4),Lower B,3,,SQ.DB.GOB,0,1,24,,35,lb,0,,,,90,3,,,
2025-09-20T01-11-28Z-435,2025-09-20,02:03:06,Essentials: Block 1 (Weeks 1-4),Lower B,4,D,CALF.SSB.STND,0,1,15,,255,lb,0,,,,0,3,,,
2025-09-20T01-11-28Z-435,2025-09-20,02:05:56,Essentials: Block 1 (Weeks 1-4),Lower B,4,D,CORE.CBL.CRUNCH,0,1,15,,30,lb,0,,,,90,3,,,
2025-09-20T01-11-28Z-435,2025-09-20,02:09:45,Essentials: Block 1 (Weeks 1-4),Lower B,4,D,CALF.SSB.STND,0,1,15,,255,lb,0,,,,0,3,,,
2025-09-20T01-11-28Z-435,2025-09-20,02:11:33,Essentials: Block 1 (Weeks 1-4),Lower B,4,D,CORE.CBL.CRUNCH,0,1,15,,30,lb,0,,,,,2,,,
2025-09-21T22-56-03Z-529,2025-09-21,23:15:57,Essentials: Block 1 (Weeks 1-4),Upper A,1,,BP.BB.FLAT,0,1,6,,160,lb,0,,,,,4,,,
2025-09-21T22-56-03Z-529,2025-09-21,23:20:41,Essentials: Block 1 (Weeks 1-4),Upper A,1,,BP.BB.FLAT,0,2,10,,155,lb,0,,,,,4,,,
2025-09-21T22-56-03Z-529,2025-09-21,23:30:35,Essentials: Block 1 (Weeks 1-4),Upper A,2,,PULLDN.CBL.SEAT,0,1,12,,95,lb,0,,,,120,4,,,
2025-09-21T22-56-03Z-529,2025-09-21,23:33:55,Essentials: Block 1 (Weeks 1-4),Upper A,2,,PULLDN.CBL.SEAT,0,2,12,,95,lb,0,,,,120,5,,,
2025-09-21T22-56-03Z-529,2025-09-22,01:27:29,Essentials: Block 1 (Weeks 1-4),Upper A,3,,OHP.DB.STNDARNOLD,0,1,5,,30,lb,0,,,,120,5,,,
2025-09-21T22-56-03Z-529,2025-09-22,01:30:24,Essentials: Block 1 (Weeks 1-4),Upper A,3,,OHP.DB.STNDARNOLD,0,2,8,,30,lb,0,,,,120,5,,,
2025-09-21T22-56-03Z-529,2025-09-22,01:34:25,Essentials: Block 1 (Weeks 1-4),Upper A,4,,ROW.CBL.SEAT,0,1,15,,100,lb,0,,,,120,1,,,
2025-09-21T22-56-03Z-529,2025-09-22,01:38:22,Essentials: Block 1 (Weeks 1-4),Upper A,4,,ROW.CBL.SEAT,0,2,15,,100,lb,0,,,,120,1,,,
2025-09-21T22-56-03Z-529,2025-09-22,01:43:20,Essentials: Block 1 (Weeks 1-4),Upper A,5,E,TRI.CBL.OH,0,1,15,,25,lb,0,,,,0,1,,,
2025-09-21T22-56-03Z-529,2025-09-22,01:46:00,Essentials: Block 1 (Weeks 1-4),Upper A,5,E,CURL.EZ.STND,0,1,12,,40,lb,0,,,,60,1,,,
2025-09-21T22-56-03Z-529,2025-09-22,01:49:37,Essentials: Block 1 (Weeks 1-4),Upper A,5,E,TRI.CBL.OH,0,2,10,,25,lb,0,,,,0,1,,,
2025-09-21T22-56-03Z-529,2025-09-22,01:50:36,Essentials: Block 1 (Weeks 1-4),Upper A,5,E,CURL.EZ.STND,0,2,15,,40,lb,0,,,,,1,,,
2025-09-25T23-21-59Z-952,2025-09-25,23:27:59,Essentials: Block 1 (Weeks 1-4),Lower A,1,,SQ.SSB.STND,0,1,6,,160,lb,0,,,,,3,,,
2025-09-25T23-21-59Z-952,2025-09-25,23:32:39,Essentials: Block 1 (Weeks 1-4),Lower A,1,,SQ.SSB.STND,0,2,10,,160,lb,0,,,,,3,,,
2025-09-25T23-21-59Z-952,2025-09-25,23:42:37,Essentials: Block 1 (Weeks 1-4),Lower A,2,,HAM.CURL.SEATED,0,1,12,,30,lb,0,,,,105,2,,,
2025-09-26T02-23-17Z-741,2025-09-26,02:28:27,Essentials: Block 1 (Weeks 1-4),Lower A,3,C,CALF.SSB.STND,0,1,12,,265,lb,0,,,,0,3,,,
2025-09-26T02-23-17Z-741,2025-09-26,02:32:49,Essentials: Block 1 (Weeks 1-4),Lower A,3,C,CORE.HANG.LEG,0,1,12,,0,lb,0,,,,60,3,,,
2025-09-26T02-23-17Z-741,2025-09-26,02:34:26,Essentials: Block 1 (Weeks 1-4),Lower A,3,C,CALF.SSB.STND,0,2,12,,265,lb,0,,,,0,3,,,
2025-09-26T02-23-17Z-741,2025-09-26,02:39:24,Essentials: Block 1 (Weeks 1-4),Lower A,3,C,CORE.HANG.LEG,0,2,12,,0,lb,0,,,,,3,,,
2025-09-26T13-12-15Z-433,2025-09-26,13:31:20,Essentials: Block 1 (Weeks 1-4),Upper B,1,,ROW.BB.TBAR,0,1,10,,70,lb,0,,,,120,3,,,
2025-09-26T13-12-15Z-433,2025-09-26,13:34:18,Essentials: Block 1 (Weeks 1-4),Upper B,1,,ROW.BB.TBAR,0,2,12,,70,lb,0,,,,120,1,,,
2025-09-26T13-12-15Z-433,2025-09-26,13:44:43,Essentials: Block 1 (Weeks 1-4),Upper B,2,,OHP.BB.STND,0,1,12,,80,lb,0,,,,120,1,,,
2025-09-26T13-12-15Z-433,2025-09-26,13:49:20,Essentials: Block 1 (Weeks 1-4),Upper B,2,,OHP.BB.STND,0,2,7,,80,lb,0,,,,120,4,,,
2025-09-26T13-12-15Z-433,2025-09-26,14:01:18,Essentials: Block 1 (Weeks 1-4),Upper B,3,,PULLDN.CBL.SEAT,0,1,12,,100,lb,0,,,,120,4,,,
2025-09-26T13-12-15Z-433,2025-09-26,14:05:38,Essentials: Block 1 (Weeks 1-4),Upper B,3,,PULLDN.CBL.SEAT,0,2,10,,100,lb,0,,,,120,4,,,
2025-09-26T13-12-15Z-433,2025-09-26,23:10:39,Essentials: Block 1 (Weeks 1-4),Upper B,4,,BP.BB.FLAT,0,1,10,,145,lb,0,,,,120,4,,,
2025-09-26T13-12-15Z-433,2025-09-26,23:24:22,Essentials: Block 1 (Weeks 1-4),Upper B,4,,BP.BB.FLAT,0,2,10,,145,lb,0,,,,120,4,,,
2025-09-26T13-12-15Z-433,2025-09-26,23:26:38,Essentials: Block 1 (Weeks 1-4),Upper B,5,E,CURL.CBL.BYSN,0,1,15,,20,lb,0,,,,0,4,,,
2025-09-26T13-12-15Z-433,2025-09-26,23:30:37,Essentials: Block 1 (Weeks 1-4),Upper B,5,E,TRI.CBL.PUSHDN,0,1,15,,30,lb,0,,,,60,4,,,
2025-09-26T13-12-15Z-433,2025-09-26,23:31:55,Essentials: Block 1 (Weeks 1-4),Upper B,5,E,CURL.CBL.BYSN,0,2,15,,30,lb,0,,,,0,4,,,
2025-09-26T13-12-15Z-433,2025-09-26,23:33:55,Essentials: Block 1 (Weeks 1-4),Upper B,5,E,TRI.CBL.PUSHDN,0,2,15,,30,lb,0,,,,,4,,,
2025-09-26T13-12-15Z-433,2025-09-26,23:38:31,Essentials: Block 1 (Weeks 1-4),Upper B,6,,RAISE.CBL.STND,0,1,12,,10,lb,0,,,,60,4,,,
2025-09-29T16-37-55Z-507,2025-09-29,16:52:14,Essentials: Block 1 (Weeks 1-4),Lower B,1,,DL.TB.RDL,0,1,9,,140,lb,0,,,,150,3,,,
2025-09-29T16-37-55Z-507,2025-09-29,16:56:08,Essentials: Block 1 (Weeks 1-4),Lower B,1,,DL.TB.RDL,0,2,12,,140,lb,0,,,,150,3,,,
2025-09-29T23-15-39Z-002,2025-09-29,23:20:05,Essentials: Block 1 (Weeks 1-4),Lower B,2,,LUNGE.DB.WALK,0,1,12,,45,lb,0,,,,150,3,,,
2025-09-29T23-15-39Z-002,2025-09-29,23:29:04,Essentials: Block 1 (Weeks 1-4),Lower B,2,,LUNGE.DB.WALK,0,2,12,,45,lb,0,,,,150,3,,,
2025-09-29T23-15-39Z-002,2025-09-29,23:45:21,Essentials: Block 1 (Weeks 1-4),Lower B,2,,LUNGE.DB.WALK,0,3,12,,45,lb,0,,,,150,3,,,
2025-09-29T23-15-39Z-002,2025-09-30,00:13:51,Essentials: Block 1 (Weeks 1-4),Lower B,3,,QUAD.MACH.EXT,0,1,12,,40,lb,0,,,,90,3,,,
2025-09-29T23-15-39Z-002,2025-09-30,00:31:39,Essentials: Block 1 (Weeks 1-4),Lower B,4,D,CALF.SSB.STND,0,1,15,,265,lb,0,,,,0,3,,,
2025-09-29T23-15-39Z-002,2025-09-30,00:34:57,Essentials: Block 1 (Weeks 1-4),Lower B,4,D,CORE.CBL.CRUNCH,0,1,15,,35,lb,0,,,,90,1,,,
2025-09-29T23-15-39Z-002,2025-09-30,00:36:32,Essentials: Block 1 (Weeks 1-4),Lower B,4,D,CALF.SSB.STND,0,2,15,,265,lb,0,,,,0,1,,,
2025-09-29T23-15-39Z-002,2025-09-30,00:38:03,Essentials: Block 1 (Weeks 1-4),Lower B,4,D,CORE.CBL.CRUNCH,0,2,15,,40,lb,0,,,,,1,,,
2025-09-30T13-54-10Z-890,2025-09-30,14:09:36,Essentials: Block 1 (Weeks 1-4),Upper A,1,,BP.BB.FLAT,0,1,6,,165,lb,0,,,,,2,,,
2025-09-30T13-54-10Z-890,2025-09-30,14:14:13,Essentials: Block 1 (Weeks 1-4),Upper A,1,,BP.BB.FLAT,0,2,8,,165,lb,0,,,,,2,,,
2025-09-30T13-54-10Z-890,2025-09-30,14:31:30,Essentials: Block 1 (Weeks 1-4),Upper A,2,,PULLDN.CBL.SEAT,0,1,12,,100,lb,0,,,,120,2,,,
2025-09-30T13-54-10Z-890,2025-09-30,14:35:10,Essentials: Block 1 (Weeks 1-4),Upper A,2,,PULLDN.CBL.SEAT,0,2,12,,100,lb,0,,,,120,2,,,
2025-09-30T13-54-10Z-890,2025-09-30,15:12:15,Essentials: Block 1 (Weeks 1-4),Upper A,3,,OHP.DB.SEAT,0,1,8,,35,lb,0,,,,120,2,,,
2025-09-30T13-54-10Z-890,2025-09-30,15:14:58,Essentials: Block 1 (Weeks 1-4),Upper A,3,,OHP.DB.SEAT,0,2,9,,35,lb,0,,,,120,4,,,
2025-09-30T13-54-10Z-890,2025-09-30,15:20:56,Essentials: Block 1 (Weeks 1-4),Upper A,4,,ROW.CBL.SEAT,0,1,12,,100,lb,0,,,,120,4,,,
2025-09-30T13-54-10Z-890,2025-09-30,15:24:37,Essentials: Block 1 (Weeks 1-4),Upper A,4,,ROW.CBL.SEAT,0,2,12,,100,lb,0,,,,120,2,,,
2025-09-30T13-54-10Z-890,2025-09-30,15:30:47,Essentials: Block 1 (Weeks 1-4),Upper A,5,E,TRI.CBL.OH,0,1,15,,25,lb,0,,,,0,2,,,
2025-09-30T13-54-10Z-890,2025-09-30,15:32:55,Essentials: Block 1 (Weeks 1-4),Upper A,5,E,CURL.CBL.EZ,0,1,7,,30,lb,0,,,,60,2,,,
2025-09-30T13-54-10Z-890,2025-09-30,15:34:28,Essentials: Block 1 (Weeks 1-4),Upper A,5,E,TRI.CBL.OH,0,2,15,,25,lb,0,,,,0,2,,,
2025-09-30T13-54-10Z-890,2025-09-30,15:35:24,Essentials: Block 1 (Weeks 1-4),Upper A,5,E,CURL.CBL.EZ,0,2,4,,30,lb,0,,,,,2,,,
2025-10-04T21-52-12Z-719,2025-10-04,22:01:18,Essentials: Block 1 (Weeks 1-4),Lower A,1,,SQ.SSB.STND,0,1,6,,165,lb,0,,,,,1,,,
2025-10-04T21-52-12Z-719,2025-10-04,22:04:20,Essentials: Block 1 (Weeks 1-4),Lower A,1,,SQ.SSB.STND,0,2,10,,165,lb,0,,,,,1,,,
2025-10-04T21-52-12Z-719,2025-10-04,22:10:59,Essentials: Block 1 (Weeks 1-4),Lower A,2,,HAM.CURL.SEATED,0,1,12,,35,lb,0,,,,105,3,,,
2025-10-04T21-52-12Z-719,2025-10-04,22:18:26,Essentials: Block 1 (Weeks 1-4),Lower A,3,C,CALF.SSB.STND,0,1,15,,270,lb,0,,,,0,2,,,
2025-10-04T21-52-12Z-719,2025-10-04,22:21:13,Essentials: Block 1 (Weeks 1-4),Lower A,3,C,CORE.REV.CRUNCH,0,1,15,,35,lb,0,,,,60,2,,,
2025-10-04T21-52-12Z-719,2025-10-04,22:23:44,Essentials: Block 1 (Weeks 1-4),Lower A,3,C,CALF.SSB.STND,0,2,20,,270,lb,0,,,,0,2,,,
2025-10-04T21-52-12Z-719,2025-10-04,22:26:19,Essentials: Block 1 (Weeks 1-4),Lower A,3,C,CORE.REV.CRUNCH,0,2,21,,35,lb,0,,,,,2,,,
2025-10-07T23-25-18Z-183,2025-10-07,23:44:07,Essentials: Block 1 (Weeks 1-4),Upper B,1,,ROW.CBL.SEAT,0,1,10,,110,lb,0,,,,120,3,,,
2025-10-07T23-25-18Z-183,2025-10-07,23:48:32,Essentials: Block 1 (Weeks 1-4),Upper B,1,,ROW.CBL.SEAT,0,2,10,,110,lb,0,,,,120,3,,,
2025-10-07T23-25-18Z-183,2025-10-08,00:08:55,Essentials: Block 1 (Weeks 1-4),Upper B,2,,OHP.BB.STND,0,1,12,,80,lb,0,,,,120,3,,,
2025-10-07T23-25-18Z-183,2025-10-08,00:12:24,Essentials: Block 1 (Weeks 1-4),Upper B,2,,OHP.BB.STND,0,2,12,,80,lb,0,,,,120,4,,,
2025-10-07T23-25-18Z-183,2025-10-08,00:20:11,Essentials: Block 1 (Weeks 1-4),Upper B,3,,PULLDN.CBL.SEAT,0,1,12,,105,lb,0,,,,120,5,,,
2025-10-07T23-25-18Z-183,2025-10-08,00:24:40,Essentials: Block 1 (Weeks 1-4),Upper B,3,,PULLDN.CBL.SEAT,0,2,8,,105,lb,0,,,,120,5,,,
2025-10-22T15-40-29Z-310,2025-10-22,15:46:49,Essentials: Block 1 (Weeks 1-4),Lower B,1,,DL.TB.RDL,0,1,12,,145,lb,0,,,,150,4,,,
2025-10-22T15-40-29Z-310,2025-10-22,15:50:04,Essentials: Block 1 (Weeks 1-4),Lower B,1,,DL.TB.RDL,0,2,12,,145,lb,0,,,,150,4,,,
2025-10-22T15-40-29Z-310,2025-10-22,15:59:38,Essentials: Block 1 (Weeks 1-4),Lower B,2,,EXT.MACH.LP,0,1,12,,360,lb,0,,,,150,3,,,
2025-10-22T15-40-29Z-310,2025-10-22,16:04:16,Essentials: Block 1 (Weeks 1-4),Lower B,2,,EXT.MACH.LP,0,2,12,,360,lb,0,,,,150,3,,,
2025-10-22T15-40-29Z-310,2025-10-22,16:07:13,Essentials: Block 1 (Weeks 1-4),Lower B,2,,EXT.MACH.LP,0,3,12,,360,lb,0,,,,150,4,,,
2025-10-22T15-40-29Z-310,2025-10-22,16:12:01,Essentials: Block 1 (Weeks 1-4),Lower B,3,,QUAD.MACH.EXT,0,1,12,,45,lb,0,,,,90,3,,,
2025-10-22T15-40-29Z-310,2025-10-22,16:16:49,Essentials: Block 1 (Weeks 1-4),Lower B,4,D,CALF.MACH.SEAT,0,1,15,,90,lb,0,,,,0,3,,,
2025-10-22T15-40-29Z-310,2025-10-22,16:28:17,Essentials: Block 1 (Weeks 1-4),Lower B,4,D,CORE.MACH.CRUNCH,0,1,15,,40,lb,0,,,,90,3,,,
2025-10-22T15-40-29Z-310,2025-10-22,16:28:30,Essentials: Block 1 (Weeks 1-4),Lower B,4,D,CALF.MACH.SEAT,0,2,15,,90,lb,0,,,,0,5,,,
2025-10-22T15-40-29Z-310,2025-10-22,16:29:29,Essentials: Block 1 (Weeks 1-4),Lower B,4,D,CORE.MACH.CRUNCH,0,2,15,,50,lb,0,,,,,5,,,
2025-10-23T20-36-37Z-928,2025-10-23,20:47:19,Essentials: Block 1 (Weeks 1-4),Upper A,1,,BP.MACH.CHEST,0,1,3,,230,lb,0,,,,,3,,,
2025-10-23T20-36-37Z-928,2025-10-23,20:50:50,Essentials: Block 1 (Weeks 1-4),Upper A,1,,BP.MACH.CHEST,0,2,7,,180,lb,0,,,,,2,,,
2025-10-23T20-36-37Z-928,2025-10-23,20:53:25,Essentials: Block 1 (Weeks 1-4),Upper A,2,,PULLDN.CBL.SEAT,0,1,12,,100,lb,0,,,,120,5,,,
2025-10-23T20-36-37Z-928,2025-10-23,20:56:04,Essentials: Block 1 (Weeks 1-4),Upper A,2,,PULLDN.CBL.SEAT,0,2,12,,110,lb,0,,,,120,5,,,
2025-10-23T20-36-37Z-928,2025-10-23,21:02:28,Essentials: Block 1 (Weeks 1-4),Upper A,3,,OHP.MACH.SEAT,0,1,12,,100,lb,0,,,,120,2,,,
2025-10-23T20-36-37Z-928,2025-10-23,21:05:50,Essentials: Block 1 (Weeks 1-4),Upper A,3,,OHP.MACH.SEAT,0,2,7,,120,lb,0,,,,120,2,,,
2025-10-23T20-36-37Z-928,2025-10-23,21:11:29,Essentials: Block 1 (Weeks 1-4),Upper A,4,,ROW.BB.SUPP,0,1,12,,40,lb,0,,,,120,1,,,
2025-10-23T20-36-37Z-928,2025-10-23,21:14:12,Essentials: Block 1 (Weeks 1-4),Upper A,4,,ROW.BB.SUPP,0,2,12,,75,lb,0,,,,120,3,,,
2025-10-23T20-36-37Z-928,2025-10-23,21:20:33,Essentials: Block 1 (Weeks 1-4),Upper A,5,E,TRI.CBL.OH,0,1,15,,35,lb,0,,,,0,5,,,
2025-10-23T20-36-37Z-928,2025-10-23,21:22:43,Essentials: Block 1 (Weeks 1-4),Upper A,5,E,CURL.CBL.EZ,0,1,15,,30,lb,0,,,,60,5,,,
2025-10-23T20-36-37Z-928,2025-10-23,21:25:42,Essentials: Block 1 (Weeks 1-4),Upper A,5,E,TRI.CBL.OH,0,2,15,,35,lb,0,,,,0,5,,,
2025-10-23T20-36-37Z-928,2025-10-23,21:25:44,Essentials: Block 1 (Weeks 1-4),Upper A,5,E,TRI.CBL.OH,0,3,15,,35,lb,0,,,,,5,,,
2025-10-24T19-41-21Z-512,2025-10-24,20:06:00,Essentials: Block 1 (Weeks 1-4),Lower A,1,,SQ.SSB.STND,0,1,6,,175,lb,0,,,,,5,,,
2025-10-24T19-41-21Z-512,2025-10-24,20:10:19,Essentials: Block 1 (Weeks 1-4),Lower A,1,,SQ.SSB.STND,0,2,10,,175,lb,0,,,,,3,,,
2025-10-24T19-41-21Z-512,2025-10-24,20:28:01,Essentials: Block 1 (Weeks 1-4),Lower A,2,,HAM.CURL.SEATED,0,1,12,,40,lb,0,,,,105,3,,,
2025-10-24T19-41-21Z-512,2025-10-24,20:38:21,Essentials: Block 1 (Weeks 1-4),Lower A,3,C,CALF.SSB.STND,0,1,12,,175,lb,0,,,,0,3,,,
2025-10-24T19-41-21Z-512,2025-10-24,20:40:45,Essentials: Block 1 (Weeks 1-4),Lower A,3,C,CORE.REV.CRUNCH,0,1,20,,40,lb,0,,,,60,2,,,
2025-10-24T19-41-21Z-512,2025-10-24,20:42:31,Essentials: Block 1 (Weeks 1-4),Lower A,3,C,CORE.REV.CRUNCH,0,2,20,,40,lb,0,,,,0,2,,,
2025-10-24T19-41-21Z-512,2025-10-24,20:42:34,Essentials: Block 1 (Weeks 1-4),Lower A,3,C,CORE.REV.CRUNCH,0,3,12,,40,lb,0,,,,,2,,,
2025-10-27T19-27-22Z-402,2025-10-27,20:47:01,Essentials: Block 1 (Weeks 1-4),Upper B,1,,ROW.BB.TBAR,0,1,10,,90,lb,0,,,,120,2,,,
2025-10-27T19-27-22Z-402,2025-10-27,20:50:22,Essentials: Block 1 (Weeks 1-4),Upper B,1,,ROW.BB.TBAR,0,2,9,,115,lb,0,,,,120,4,,,
2025-10-27T19-27-22Z-402,2025-10-27,20:58:52,Essentials: Block 1 (Weeks 1-4),Upper B,2,,OHP.MACH.SEAT,0,1,12,,120,lb,0,,,,120,2,,,
2025-10-27T19-27-22Z-402,2025-10-27,21:02:28,Essentials: Block 1 (Weeks 1-4),Upper B,2,,OHP.MACH.SEAT,0,2,10,,120,lb,0,,,,120,3,,,
2025-10-27T19-27-22Z-402,2025-10-27,21:12:25,Essentials: Block 1 (Weeks 1-4),Upper B,3,,PULLDN.MACH.SEAT,0,1,12,,150,lb,0,,,,120,4,,,
2025-10-27T19-27-22Z-402,2025-10-27,21:15:40,Essentials: Block 1 (Weeks 1-4),Upper B,3,,PULLDN.MACH.SEAT,0,2,12,,150,lb,0,,,,120,1,,,
2025-10-27T19-27-22Z-402,2025-10-27,21:28:56,Essentials: Block 1 (Weeks 1-4),Upper B,4,,BP.MACH.CHEST,0,1,5,,180,lb,0,,,,120,5,,,
2025-10-27T19-27-22Z-402,2025-10-27,21:32:51,Essentials: Block 1 (Weeks 1-4),Upper B,4,,BP.MACH.CHEST,0,2,10,,140,lb,0,,,,120,3,,,
2025-10-27T19-27-22Z-402,2025-10-27,21:36:51,Essentials: Block 1 (Weeks 1-4),Upper B,5,E,CURL.CBL.BYSN,0,1,12,,20,lb,0,,,,0,4,,,
2025-10-27T19-27-22Z-402,2025-10-27,21:48:02,Essentials: Block 1 (Weeks 1-4),Upper B,5,E,TRI.CBL.PUSHDN,0,1,15,,50,lb,0,,,,60,3,,,
2025-10-27T19-27-22Z-402,2025-10-27,21:48:10,Essentials: Block 1 (Weeks 1-4),Upper B,5,E,CURL.CBL.BYSN,0,2,12,,20,lb,0,,,,0,3,,,
2025-10-27T19-27-22Z-402,2025-10-27,21:48:17,Essentials: Block 1 (Weeks 1-4),Upper B,5,E,TRI.CBL.PUSHDN,0,2,12,,60,lb,0,,,,,3,,,
2025-10-27T19-27-22Z-402,2025-10-27,21:53:02,Essentials: Block 1 (Weeks 1-4),Upper B,6,,RAISE.CBL.STND,0,1,15,,15,lb,0,,,,60,2,,,
